{
  "apps\\api\\main.py": 1776564746.593474,
  "apps\\api\\app\\config.py": 1776564883.1811788,
  "apps\\api\\app\\db.py": 1776564746.5914743,
  "apps\\api\\app\\schemas.py": 1776565112.990542,
  "apps\\api\\app\\__init__.py": 1776072596.2259002,
  "apps\\api\\app\\routers\\analyze.py": 1776564746.5924747,
  "apps\\api\\app\\routers\\chat.py": 1776412664.4860635,
  "apps\\api\\app\\routers\\report.py": 1776402202.947768,
  "apps\\api\\app\\routers\\upload.py": 1776410463.5957713,
  "apps\\api\\app\\routers\\__init__.py": 1776072699.8434377,
  "apps\\api\\app\\services\\report.py": 1776072696.103741,
  "apps\\api\\app\\services\\storage.py": 1776402202.948768,
  "apps\\api\\app\\services\\video.py": 1776565112.990542,
  "apps\\api\\app\\services\\vlm.py": 1776564746.593474,
  "apps\\api\\app\\services\\__init__.py": 1776072662.2956245,
  "apps\\desktop\\postcss.config.js": 1776072792.7309723,
  "apps\\desktop\\tailwind.config.js": 1776385527.3112292,
  "apps\\desktop\\vite.config.d.ts": 1776385527.312229,
  "apps\\desktop\\vite.config.js": 1776385527.312229,
  "apps\\desktop\\vite.config.ts": 1776399693.628083,
  "apps\\desktop\\src\\App.tsx": 1776564746.5954747,
  "apps\\desktop\\src\\main.tsx": 1776072809.8930855,
  "apps\\desktop\\src\\vite-env.d.ts": 1776385527.3112292,
  "apps\\desktop\\src\\components\\Chat.tsx": 1776564746.5954747,
  "apps\\desktop\\src\\components\\Map.tsx": 1776402202.9577677,
  "apps\\desktop\\src\\components\\Report.tsx": 1776385527.3022294,
  "apps\\desktop\\src\\components\\VideoUpload.tsx": 1776406718.4418323,
  "apps\\desktop\\src\\components\\dashboard\\LiveActivity.tsx": 1776410463.5967636,
  "apps\\desktop\\src\\components\\dashboard\\RecentAssessments.tsx": 1776410463.5977633,
  "apps\\desktop\\src\\components\\dashboard\\SeverityDistribution.tsx": 1776410463.5987635,
  "apps\\desktop\\src\\components\\dashboard\\StatsCards.tsx": 1776423066.5993683,
  "apps\\desktop\\src\\components\\layout\\AppShell.tsx": 1776402202.9577677,
  "apps\\desktop\\src\\components\\map\\MapContextPanel.tsx": 1776410463.5987635,
  "apps\\desktop\\src\\components\\navigation\\SideNav.tsx": 1776423191.7960262,
  "apps\\desktop\\src\\components\\navigation\\TopNav.tsx": 1776385527.3052285,
  "apps\\desktop\\src\\components\\reports\\ReportPreviewCard.tsx": 1776402202.958768,
  "apps\\desktop\\src\\components\\reports\\ReportsList.tsx": 1776402202.958768,
  "apps\\desktop\\src\\components\\ui\\Badges.tsx": 1776385527.3062284,
  "apps\\desktop\\src\\components\\ui\\map.tsx": 1776400273.6677668,
  "apps\\desktop\\src\\components\\ui\\ProvinceLayers.tsx": 1776402226.123966,
  "apps\\desktop\\src\\components\\workspace\\AlertToast.tsx": 1776385527.3062284,
  "apps\\desktop\\src\\components\\workspace\\DetailedInsights.tsx": 1776564746.5964751,
  "apps\\desktop\\src\\components\\workspace\\DroneConnect.tsx": 1776564746.5964751,
  "apps\\desktop\\src\\components\\workspace\\FrameAnalysisFeed.tsx": 1776564746.5964751,
  "apps\\desktop\\src\\components\\workspace\\FrameImageModal.tsx": 1776564746.5974753,
  "apps\\desktop\\src\\components\\workspace\\OverallAssessment.tsx": 1776564746.5974753,
  "apps\\desktop\\src\\components\\workspace\\VideoPlayer.tsx": 1776564746.5974753,
  "apps\\desktop\\src\\lib\\api.ts": 1776564746.5984745,
  "apps\\desktop\\src\\lib\\assessments.ts": 1776564746.5984745,
  "apps\\desktop\\src\\lib\\compress.ts": 1776406718.4418323,
  "apps\\desktop\\src\\lib\\exportReport.ts": 1776402202.9607687,
  "apps\\desktop\\src\\lib\\mockApi.ts": 1776564746.599475,
  "apps\\desktop\\src\\lib\\mockData.ts": 1776402202.9607687,
  "apps\\desktop\\src\\lib\\supabase.ts": 1776072825.5423548,
  "apps\\desktop\\src\\lib\\supabaseQueries.ts": 1776423161.8178675,
  "apps\\desktop\\src\\pages\\AssessmentsPage.tsx": 1776564746.6004753,
  "apps\\desktop\\src\\pages\\AssessmentsWorkspacePage.tsx": 1776564746.6004753,
  "apps\\desktop\\src\\pages\\AssessmentViewPage.tsx": 1776564746.599475,
  "apps\\desktop\\src\\pages\\DashboardPage.tsx": 1776423077.6356175,
  "apps\\desktop\\src\\pages\\MapViewPage.tsx": 1776410463.6037638,
  "apps\\desktop\\src\\pages\\NotificationsPage.tsx": 1776385527.310229,
  "apps\\desktop\\src\\pages\\ProfilePage.tsx": 1776385527.310229,
  "apps\\desktop\\src\\pages\\ReportsPage.tsx": 1776564746.6004753,
  "apps\\desktop\\src-tauri\\build.rs": 1776072910.958247,
  "apps\\desktop\\src-tauri\\src\\lib.rs": 1776072938.2968333,
  "apps\\desktop\\src-tauri\\src\\main.rs": 1776072923.4789865,
  "CLAUDE.md": 1776565411.412312,
  "README.md": 1776564746.5904753,
  "SETUP.md": 1776402202.9447672,
  "apps\\api\\requirements.txt": 1776564746.5946052,
  "apps\\desktop\\index.html": 1776385527.2992294,
  "apps\\desktop\\src-tauri\\icons\\README.md": 1776072958.022377
}